Snow Course Name, Number, Elev. metres, Date of Survey, Snow Depth cm, Water Equiv. mm, Survey Code, % of Normal, Density %, Survey Period, Normal mm
BRALORNE,1C14,1389,2017-01-04,36,70,,86,19,01-Jan,81
BRALORNE,1C14,1389,2017-01-30,38,92,,74,24,01-Feb,125
BRALORNE,1C14,1389,2017-02-27,66,169,,113,26,01-Mar,149
BRALORNE,1C14,1389,2017-03-30,72,241,,158,33,01-Apr,153
BRALORNE,1C14,1389,2017-04-28,49,161,,278,33,01-May,58
MOUNT TIMOTHY,1C17,1660,2017-01-02,55,90,,56,16,01-Jan,160
MOUNT TIMOTHY,1C17,1660,2017-01-28,65,160,,72,25,01-Feb,221
MOUNT TIMOTHY,1C17,1660,2017-03-01,79,181,,68,23,01-Mar,266
MOUNT TIMOTHY,1C17,1660,2017-03-30,87,237,,80,27,01-Apr,296
MOUNT TIMOTHY,1C17,1660,2017-05-01,76,235,,91,31,01-May,257
MOUNT TIMOTHY,1C17,1660,2017-05-13,65,211,,117,32,15-May,181
MOUNT TIMOTHY,1C17,1660,2017-05-28,11,34,,65,31,01-Jun,52
MOUNT TIMOTHY,1C17,1660,2017-06-15,0,0,,0,,15-Jun,126
YANKS PEAK,1C41P,1670,2017-05-08,176,762,,,43,01-May,
CAVERHILL LAKE NEW,1C42,,2017-03-01,73,148,,,20,01-Mar,
CAVERHILL LAKE NEW,1C42,,2017-03-28,82,218,,,27,01-Apr,
TENQUILLE LAKE,1D06P,1680,2017-02-21,264,880,,,33,01-Mar,
STAVE LAKE,1D08,1250,2017-01-04,220,646,,112,29,01-Jan,578
STAVE LAKE,1D08,1250,2017-02-01,212,815,,93,38,01-Feb,881
STAVE LAKE,1D08,1250,2017-02-24,269,1030,,87,38,01-Mar,1178
STAVE LAKE,1D08,1250,2017-04-28,379,1918,,127,51,01-May,1513
WAHLEACH LAKE,1D09,1480,2017-01-04,102,250,,104,25,01-Jan,240
WAHLEACH LAKE,1D09,1480,2017-02-01,82,286,,79,35,01-Feb,364
WAHLEACH LAKE,1D09,1480,2017-02-24,105,368,,79,35,01-Mar,468
NAHATLATCH RIVER,1D10,1550,2017-01-04,155,438,,75,28,01-Jan,585
NAHATLATCH RIVER,1D10,1550,2017-02-01,193,765,,92,40,01-Feb,833
NAHATLATCH RIVER,1D10,1550,2017-02-24,230,939,,86,41,01-Mar,1092
NAHATLATCH RIVER,1D10,1550,2017-04-28,371,1739,,128,47,01-May,1361
DICKSON LAKE,1D16,1160,2017-01-04,263,806,,131,31,01-Jan,616
DICKSON LAKE,1D16,1160,2017-02-01,216,950,,103,44,01-Feb,918
DICKSON LAKE,1D16,1160,2017-02-24,281,1160,,98,41,01-Mar,1186
DICKSON LAKE,1D16,1160,2017-03-30,393,1626,,109,41,01-Apr,1497
SPUZZUM,1D19P,1180,2017-02-23,247,1010,,,41,01-Mar,
BLUE RIVER,1E01B,670,2016-12-31,80,122,,82,15,01-Jan,149
BLUE RIVER,1E01B,670,2017-01-26,72,202,,82,28,01-Feb,245
BLUE RIVER,1E01B,670,2017-02-23,80,278,,99,35,01-Mar,280
BLUE RIVER,1E01B,670,2017-03-31,82,290,,107,35,01-Apr,272
BLUE RIVER,1E01B,670,2017-04-24,38,146,,503,38,01-May,29
TROPHY MOUNTAIN,1E03A,1860,2017-02-24,134,418,,92,31,01-Mar,452
TROPHY MOUNTAIN,1E03A,1860,2017-04-01,196,590,,110,30,01-Apr,537
TROPHY MOUNTAIN,1E03A,1860,2017-04-25,195,664,,109,34,01-May,607
TROPHY MOUNTAIN,1E03A,1860,2017-05-09,183,730,,118,40,15-May,618
KNOUFF LAKE,1.00E+05,1200,2017-01-31,35,82,,75,23,01-Feb,109
KNOUFF LAKE,1.00E+05,1200,2017-02-27,45,124,,100,27,01-Mar,124
KNOUFF LAKE,1.00E+05,1200,2017-03-28,50,160,,119,32,01-Apr,134
ADAMS RIVER,1.00E+07,1720,2017-01-27,136,450,,98,33,01-Feb,457
ADAMS RIVER,1.00E+07,1720,2017-02-24,166,534,,95,32,01-Mar,560
ADAMS RIVER,1.00E+07,1720,2017-03-31,234,750,,111,32,01-Apr,673
ADAMS RIVER,1.00E+07,1720,2017-04-26,248,934,,129,38,01-May,726
ADAMS RIVER,1.00E+07,1720,2017-05-09,219,950,,138,43,15-May,690
ADAMS RIVER,1.00E+07,1720,2017-05-29,152,615,,114,40,01-Jun,540
ABERDEEN LAKE,1F01A,1310,2017-01-27,44,108,,101,25,01-Feb,107
ABERDEEN LAKE,1F01A,1310,2017-03-01,69,140,,105,20,01-Mar,133
ABERDEEN LAKE,1F01A,1310,2017-04-04,52,145,,117,28,01-Apr,124
ABERDEEN LAKE,1F01A,1310,2017-05-03,12,47,,247,40,01-May,19
MOUNT WELLS,1B01,1490,2017-01-31,128,364,,100,28,01-Feb,365
MOUNT WELLS,1B01,1490,2017-02-27,143,426,,94,30,01-Mar,452
MOUNT WELLS,1B01,1490,2017-03-31,157,525,,107,33,01-Apr,490
MOUNT WELLS,1B01,1490,2017-05-01,165,590,,121,36,01-May,487
MOUNT WELLS,1B01,1490,2017-05-31,63,261,,120,41,01-Jun,217
MOUNT WELLS,1B01P,1490,2017-01-04,119,322,,,27,01-Jan,
MOUNT WELLS,1B01P,1490,2017-01-31,138,408,,,30,01-Feb,
MOUNT WELLS,1B01P,1490,2017-02-27,155,462,,,30,01-Mar,
MOUNT WELLS,1B01P,1490,2017-03-31,171,535,,,31,01-Apr,
MOUNT WELLS,1B01P,1490,2017-05-01,176,625,,,36,01-May,
MOUNT WELLS,1B01P,1490,2017-05-30,83,335,,,40,01-Jun,
TAHTSA LAKE,1B02,1300,2017-01-30,276,875,,103,32,01-Feb,853
TAHTSA LAKE,1B02,1300,2017-02-27,253,961,,93,38,01-Mar,1034
TAHTSA LAKE,1B02,1300,2017-03-30,344,1239,,103,36,01-Apr,1202
TAHTSA LAKE,1B02,1300,2017-05-01,293,1265,,101,43,01-May,1256
TAHTSA LAKE,1B02,1300,2017-05-31,198,930,,95,47,01-Jun,982
TAHTSA LAKE,1B02P,1300,2017-01-04,227,692,U,,30,01-Jan,
TAHTSA LAKE,1B02P,1300,2017-01-30,267,801,,,30,01-Feb,
TAHTSA LAKE,1B02P,1300,2017-02-27,268,1038,,,39,01-Mar,
TAHTSA LAKE,1B02P,1300,2017-03-30,349,1285,,,37,01-Apr,
TAHTSA LAKE,1B02P,1300,2017-05-01,304,1298,,,43,01-May,
TAHTSA LAKE,1B02P,1300,2017-05-31,198,998,,,50,01-Jun,
SKINS LAKE,1B05,890,2017-01-03,29,48,,89,17,01-Jan,54
SKINS LAKE,1B05,890,2017-01-31,25,67,,81,27,01-Feb,83
SKINS LAKE,1B05,890,2017-02-27,26,75,,73,29,01-Mar,103
SKINS LAKE,1B05,890,2017-03-31,15,68,,76,45,01-Apr,90
SKINS LAKE,1B05,890,2017-05-01,0,0,,0,,01-May,3
SKINS LAKE,1B05,890,2017-05-31,0,0,,,,01-Jun,0
MOUNT SWANNELL,1B06,1620,2017-02-01,85,199,,94,23,01-Feb,211
MOUNT SWANNELL,1B06,1620,2017-02-27,93,222,,88,24,01-Mar,252
MOUNT SWANNELL,1B06,1620,2017-03-31,100,261,,93,26,01-Apr,282
MOUNT SWANNELL,1B06,1620,2017-05-01,100,312,,109,31,01-May,287
MOUNT SWANNELL,1B06,1620,2017-05-31,0,0,,0,,01-Jun,110
NUTLI LAKE,1B07,1490,2017-01-31,143,414,,110,29,01-Feb,378
NUTLI LAKE,1B07,1490,2017-02-27,153,483,,105,32,01-Mar,460
NUTLI LAKE,1B07,1490,2017-03-31,166,556,,107,33,01-Apr,518
NUTLI LAKE,1B07,1490,2017-05-01,150,579,,113,39,01-May,513
NUTLI LAKE,1B07,1490,2017-05-31,20,88,,37,44,01-Jun,241
MT. PONDOSY,1B08P,1400,2017-01-04,164,460,U,,28,01-Jan,
MT. PONDOSY,1B08P,1400,2017-01-31,199,638,,,32,01-Feb,
MT. PONDOSY,1B08P,1400,2017-02-27,194,638,,,33,01-Mar,
MT. PONDOSY,1B08P,1400,2017-03-31,243,862,,,35,01-Apr,
MT. PONDOSY,1B08P,1400,2017-05-01,220,918,,,42,01-May,
MT. PONDOSY,1B08P,1400,2017-05-31,97,508,,,52,01-Jun,
BROOKMERE,1C01,980,2017-02-28,73,174,,104,24,01-Mar,167
BROOKMERE,1C01,980,2017-03-30,64,182,,106,28,01-Apr,171
BROOKMERE,1C01,980,2017-04-30,31,99,,152,32,01-May,65
MCGILLIVRAY PASS,1C05,1725,2017-01-04,97,250,,91,26,01-Jan,274
MCGILLIVRAY PASS,1C05,1725,2017-01-30,121,346,,87,29,01-Feb,397
MCGILLIVRAY PASS,1C05,1725,2017-02-27,146,468,,95,32,01-Mar,492
MCGILLIVRAY PASS,1C05,1725,2017-03-30,176,566,,99,32,01-Apr,572
MCGILLIVRAY PASS,1C05,1725,2017-04-28,155,590,,103,38,01-May,573
PAVILION,1C06,1230,2017-03-02,25,70,,121,28,01-Mar,58
NAZKO,1C08,1070,2017-02-01,20,38,,67,19,01-Feb,57
NAZKO,1C08,1070,2017-02-28,22,45,,70,20,01-Mar,64
NAZKO,1C08,1070,2017-04-06,0,0,T,0,,01-Apr,46
HIGHLAND VALLEY,1C09A,1510,2017-03-04,39,116,,151,30,01-Mar,77
HIGHLAND VALLEY,1C09A,1510,2017-04-03,58,144,,173,25,01-Apr,83
HIGHLAND VALLEY,1C09A,1510,2017-05-03,39,101,,505,26,01-May,20
HORSEFLY MOUNTAIN,1C13A,1550,2017-02-26,88,280,,65,32,01-Mar,428
HORSEFLY MOUNTAIN,1C13A,1550,2017-04-02,151,422,,91,28,01-Apr,466
HORSEFLY MOUNTAIN,1C13A,1550,2017-04-25,130,460,,113,35,01-May,408
GRANITE MOUNTAIN,1C33A,1150,2016-12-29,27,60,,65,22,01-Jan,93
GRANITE MOUNTAIN,1C33A,1150,2017-01-31,38,79,,57,21,01-Feb,139
GRANITE MOUNTAIN,1C33A,1150,2017-03-01,52,112,,65,21,01-Mar,173
GRANITE MOUNTAIN,1C33A,1150,2017-03-30,62,156,,83,25,01-Apr,188
GRANITE MOUNTAIN,1C33A,1150,2017-05-05,0,0,,0,,01-May,89
BRALORNE (UPPER),1C37,1981,2017-01-04,110,328,,106,30,01-Jan,309
BRALORNE (UPPER),1C37,1981,2017-01-30,141,416,,96,30,01-Feb,434
BRALORNE (UPPER),1C37,1981,2017-02-27,179,550,,101,31,01-Mar,543
BRALORNE (UPPER),1C37,1981,2017-03-30,223,734,,110,33,01-Apr,665
BRALORNE (UPPER),1C37,1981,2017-04-28,199,764,,113,38,01-May,676
DOWNTON LAKE (UPPER),1C38,1887,2017-01-04,137,434,,89,32,01-Jan,489
DOWNTON LAKE (UPPER),1C38,1887,2017-01-30,176,588,,91,33,01-Feb,646
DOWNTON LAKE (UPPER),1C38,1887,2017-02-27,217,654,,89,30,01-Mar,737
DOWNTON LAKE (UPPER),1C38,1887,2017-03-30,245,890,,105,36,01-Apr,847
DOWNTON LAKE (UPPER),1C38,1887,2017-04-28,231,888,,104,38,01-May,856
BRIDGE GLACIER (LOWER),1C39,1390,2017-01-04,101,276,,93,27,01-Jan,298
BRIDGE GLACIER (LOWER),1C39,1390,2017-01-30,138,416,,94,30,01-Feb,444
BRIDGE GLACIER (LOWER),1C39,1390,2017-02-27,159,516,,102,32,01-Mar,508
BRIDGE GLACIER (LOWER),1C39,1390,2017-03-30,190,616,,106,32,01-Apr,580
BRIDGE GLACIER (LOWER),1C39,1390,2017-04-28,166,612,,102,37,01-May,600
TYAUGHTON CREEK (NORTH),1C40,1947,2017-01-04,83,206,,84,25,01-Jan,244
TYAUGHTON CREEK (NORTH),1C40,1947,2017-01-30,87,244,,74,28,01-Feb,331
TYAUGHTON CREEK (NORTH),1C40,1947,2017-02-27,125,332,,83,27,01-Mar,399
TYAUGHTON CREEK (NORTH),1C40,1947,2017-03-30,128,372,,85,29,01-Apr,440
TYAUGHTON CREEK (NORTH),1C40,1947,2017-04-28,122,394,,89,32,01-May,443
YELLOWHEAD LAKE,1A01P,1860,2017-03-22,166,370,,68,22,01-Apr,541
LONGWORTH (UPPER),1A05,1693,2017-01-05,93,202,,49,22,01-Jan,411
LONGWORTH (UPPER),1A05,1693,2017-01-31,137,346,,62,25,01-Feb,559
LONGWORTH (UPPER),1A05,1693,2017-02-27,,,N,,,01-Mar,676
LONGWORTH (UPPER),1A05,1693,2017-04-01,,,N,,,01-Apr,768
LONGWORTH (UPPER),1A05,1693,2017-04-26,,,N,,,01-May,830
HANSARD,1A06A,608,2017-02-27,35,101,,59,29,01-Mar,170
PRINCE GEORGE AIRPORT,1A10,689,2017-01-04,22,31,,53,14,01-Jan,59
PRINCE GEORGE AIRPORT,1A10,689,2017-01-30,20,44,,46,22,01-Feb,96
PRINCE GEORGE AIRPORT,1A10,689,2017-02-28,26,55,,47,22,01-Mar,117
PRINCE GEORGE AIRPORT,1A10,689,2017-04-03,0,0,,0,,01-Apr,98
PACIFIC LAKE,1A11,755,2017-01-05,93,186,,61,20,01-Jan,303
PACIFIC LAKE,1A11,755,2017-01-31,99,312,,73,32,01-Feb,430
PACIFIC LAKE,1A11,755,2017-02-27,106,341,,62,32,01-Mar,546
PACIFIC LAKE,1A11,755,2017-04-01,118,423,,70,36,01-Apr,608
PACIFIC LAKE,1A11,755,2017-04-26,77,297,,59,39,01-May,507
KAZA LAKE,1A12,1250,2017-01-04,48,96,,53,20,01-Jan,182
KAZA LAKE,1A12,1250,2017-01-30,72,147,,61,20,01-Feb,240
KAZA LAKE,1A12,1250,2017-02-28,75,162,,55,22,01-Mar,295
KAZA LAKE,1A12,1250,2017-03-30,98,251,,74,26,01-Apr,341
KAZA LAKE,1A12,1250,2017-04-27,76,230,,70,30,01-May,328
HEDRICK LAKE,1A14P,1100,2017-03-21,167,590,,,35,01-Apr,
KNUDSEN LAKE,1A15,1602,2017-01-05,117,261,,61,22,01-Jan,427
KNUDSEN LAKE,1A15,1602,2017-01-31,135,367,,66,27,01-Feb,554
KNUDSEN LAKE,1A15,1602,2017-02-27,142,457,,66,32,01-Mar,692
KNUDSEN LAKE,1A15,1602,2017-04-01,197,605,,76,31,01-Apr,801
KNUDSEN LAKE,1A15,1602,2017-04-26,175,679,,78,39,01-May,868
BURNS LAKE,1A16,800,2017-01-04,32,46,,65,14,01-Jan,71
BURNS LAKE,1A16,800,2017-02-01,27,60,,54,22,01-Feb,111
BURNS LAKE,1A16,800,2017-02-28,29,72,,55,25,01-Mar,130
BURNS LAKE,1A16,800,2017-04-03,19,60,,50,32,01-Apr,119
BURNS LAKE,1A16,800,2017-05-01,0,0,,0,,01-May,26
BIRD CREEK,1A23,1180,2017-02-01,39,82,,80,21,01-Feb,103
BIRD CREEK,1A23,1180,2017-02-27,45,98,,75,22,01-Mar,131
BIRD CREEK,1A23,1180,2017-03-31,44,104,,74,24,01-Apr,140
BIRD CREEK,1A23,1180,2017-05-01,20,58,,149,29,01-May,39
BIRD CREEK,1A23,1180,2017-05-31,0,0,,,,01-Jun,0
SANDON,2D03,1070,2017-03-01,102,295,,92,29,01-Mar,319
SANDON,2D03,1070,2017-04-01,95,375,,114,39,01-Apr,330
SANDON,2D03,1070,2017-05-01,36,132,B,293,37,01-May,45
NELSON,2D04,930,2016-12-29,58,87,,52,15,01-Jan,167
NELSON,2D04,930,2017-01-30,58,142,,54,24,01-Feb,264
NELSON,2D04,930,2017-03-01,102,264,,80,26,01-Mar,328
NELSON,2D04,930,2017-03-31,74,283,,85,38,01-Apr,334
NELSON,2D04,930,2017-04-27,15,67,,47,45,01-May,143
GRAY CREEK (LOWER),2D05,1550,2017-01-31,70,185,,61,26,01-Feb,304
GRAY CREEK (LOWER),2D05,1550,2017-02-27,137,316,,84,23,01-Mar,378
GRAY CREEK (LOWER),2D05,1550,2017-04-07,128,466,C,106,36,01-Apr,440
GRAY CREEK (LOWER),2D05,1550,2017-04-28,133,512,,119,38,01-May,429
GRAY CREEK (LOWER),2D05,1550,2017-05-29,44,194,,131,44,01-Jun,148
CHAR CREEK,2D06,1310,2016-12-29,74,118,,49,16,01-Jan,239
CHAR CREEK,2D06,1310,2017-01-28,88,218,,59,25,01-Feb,371
CHAR CREEK,2D06,1310,2017-02-25,146,418,,94,29,01-Mar,447
CHAR CREEK,2D06,1310,2017-03-28,160,557,,106,35,01-Apr,525
CHAR CREEK,2D06,1310,2017-04-29,134,549,,122,41,01-May,449
CHAR CREEK,2D06,1310,2017-05-13,96,416,,153,43,15-May,272
DUNCAN LAKE NO. 2,2D07A,630,2017-01-30,39,104,,79,27,01-Feb,132
DUNCAN LAKE NO. 2,2D07A,630,2017-02-26,57,188,,131,33,01-Mar,144
DUNCAN LAKE NO. 2,2D07A,630,2017-03-28,46,180,,217,39,01-Apr,83
MOUNT TEMPLEMAN,2D09,1860,2017-01-02,180,447,,90,25,01-Jan,496
MOUNT TEMPLEMAN,2D09,1860,2017-01-30,194,605,,86,31,01-Feb,701
MOUNT TEMPLEMAN,2D09,1860,2017-02-23,255,775,,90,30,01-Mar,859
MOUNT TEMPLEMAN,2D09,1860,2017-04-28,310,1240,,115,40,01-May,1075
GRAY CREEK (UPPER),2D10,1940,2017-01-31,128,413,,83,32,01-Feb,497
GRAY CREEK (UPPER),2D10,1940,2017-02-27,218,570,,94,26,01-Mar,607
GRAY CREEK (UPPER),2D10,1940,2017-04-01,,,N,,,01-Apr,722
GRAY CREEK (UPPER),2D10,1940,2017-04-28,246,946,,123,38,01-May,767
GRAY CREEK (UPPER),2D10,1940,2017-05-29,135,641,,136,47,01-Jun,470
REDFISH CREEK,2D14P,2104,2017-05-11,410,1815,,,44,15-May,
MONASHEE PASS,2.00E+01,1370,2017-01-02,46,92,,56,20,01-Jan,163
MONASHEE PASS,2.00E+01,1370,2017-01-30,49,103,,44,21,01-Feb,236
MONASHEE PASS,2.00E+01,1370,2017-02-23,66,158,,56,24,01-Mar,282
MONASHEE PASS,2.00E+01,1370,2017-04-03,98,283,,87,29,01-Apr,324
MONASHEE PASS,2.00E+01,1370,2017-04-28,90,305,,115,34,01-May,266
CARMI,2.00E+02,1250,2017-02-28,24,47,,36,20,01-Mar,130
CARMI,2.00E+02,1250,2017-03-29,39,88,,77,23,01-Apr,115
CARMI,2.00E+02,1250,2017-04-26,0,0,,0,,01-May,12
BIG WHITE MOUNTAIN,2.00E+03,1680,2017-02-01,82,179,,56,22,01-Feb,322
BIG WHITE MOUNTAIN,2.00E+03,1680,2017-02-28,120,208,,52,17,01-Mar,402
BIG WHITE MOUNTAIN,2.00E+03,1680,2017-03-29,166,396,,83,24,01-Apr,476
BIG WHITE MOUNTAIN,2.00E+03,1680,2017-04-26,163,547,,121,34,01-May,451
BIG WHITE MOUNTAIN,2.00E+03,1680,2017-05-12,131,474,,130,36,15-May,366
BIG WHITE MOUNTAIN,2.00E+03,1680,2017-05-30,63,228,B,151,36,01-Jun,151
TROUT CREEK (WEST),2F01A,1430,2017-01-26,43,84,,57,20,01-Feb,147
TROUT CREEK (WEST),2F01A,1430,2017-02-24,56,120,,61,21,01-Mar,196
TROUT CREEK (WEST),2F01A,1430,2017-03-26,62,163,,83,26,01-Apr,196
TROUT CREEK (WEST),2F01A,1430,2017-04-30,52,160,,143,31,01-May,112
TROUT CREEK (WEST),2F01A,1430,2017-05-14,18,61,,105,34,15-May,58
SUMMERLAND RESERVOIR,2F02,1280,2017-01-06,51,104,,104,20,01-Jan,100
SUMMERLAND RESERVOIR,2F02,1280,2017-01-31,57,130,,83,23,01-Feb,156
SUMMERLAND RESERVOIR,2F02,1280,2017-02-28,76,178,,94,23,01-Mar,190
SUMMERLAND RESERVOIR,2F02,1280,2017-03-30,84,227,,115,27,01-Apr,197
SUMMERLAND RESERVOIR,2F02,1280,2017-04-28,50,185,,143,37,01-May,129
SUMMERLAND RESERVOIR,2F02,1280,2017-05-17,0,0,,0,,15-May,13
ANGLEMONT,1F02,1190,2017-02-01,67,167,,61,25,01-Feb,272
ANGLEMONT,1F02,1190,2017-03-01,84,237,,73,28,01-Mar,323
ANGLEMONT,1F02,1190,2017-03-29,89,300,,93,34,01-Apr,321
ANGLEMONT,1F02,1190,2017-04-28,54,233,,146,43,01-May,160
ANGLEMONT,1F02,1190,2017-05-16,0,0,,0,,15-May,99
PARK MOUNTAIN,1F03P,1890,2017-05-09,257,1095,,,43,15-May,
CANOE RIVER,2A01A,870,2017-02-02,38,72,,97,19,01-Feb,74
CANOE RIVER,2A01A,870,2017-03-03,37,76,,85,21,01-Mar,89
CANOE RIVER,2A01A,870,2017-03-30,37,116,,178,31,01-Apr,65
GLACIER,2A02,1250,2016-12-29,83,208,,68,25,01-Jan,304
GLACIER,2A02,1250,2017-01-30,97,289,,62,30,01-Feb,468
GLACIER,2A02,1250,2017-02-26,125,417,,71,33,01-Mar,585
GLACIER,2A02,1250,2017-03-26,166,611,,91,37,01-Apr,670
GLACIER,2A02,1250,2017-04-26,126,614,,95,49,01-May,643
FIELD,2A03A,1285,2017-01-26,45,87,,71,19,01-Feb,123
FIELD,2A03A,1285,2017-02-28,54,113,,77,21,01-Mar,147
FIELD,2A03A,1285,2017-03-30,42,134,,98,32,01-Apr,137
KICKING HORSE,2A07,1650,2016-12-28,42,90,,61,21,01-Jan,147
KICKING HORSE,2A07,1650,2017-01-26,65,131,,58,20,01-Feb,227
KICKING HORSE,2A07,1650,2017-02-28,86,216,,77,25,01-Mar,279
KICKING HORSE,2A07,1650,2017-03-29,104,301,,95,29,01-Apr,317
KICKING HORSE,2A07,1650,2017-04-26,105,322,,109,31,01-May,296
BEAVERFOOT,2A11,1890,2017-01-04,42,80,,74,19,01-Jan,108
BEAVERFOOT,2A11,1890,2017-02-01,54,118,A,83,22,01-Feb,142
BEAVERFOOT,2A11,1890,2017-02-26,72,160,,96,22,01-Mar,167
BEAVERFOOT,2A11,1890,2017-03-31,79,226,,118,29,01-Apr,191
BEAVERFOOT,2A11,1890,2017-05-02,78,238,,140,31,01-May,170
GNAWED MOUNTAIN,1C19,1580,2017-03-04,39,127,,132,32,01-Mar,96
GNAWED MOUNTAIN,1C19,1580,2017-04-03,74,163,,154,22,01-Apr,106
GNAWED MOUNTAIN,1C19,1580,2017-05-03,44,160,,296,37,01-May,54
BOSS MOUNTAIN MINE,1C20P,1460,2017-05-08,132,520,,,39,01-May,
BIG CREEK,1C21,1140,2017-01-27,15,16,,33,11,01-Feb,49
BIG CREEK,1C21,1140,2017-02-26,20,40,,83,20,01-Mar,48
BIG CREEK,1C21,1140,2017-03-31,0,0,,0,,01-Apr,14
BIG CREEK,1C21,1140,2017-04-27,0,0,,0,,01-May,12
PUNTZI MOUNTAIN,1C22,940,2016-12-29,13,26,,72,21,01-Jan,36
PUNTZI MOUNTAIN,1C22,940,2017-01-30,17,32,,62,19,01-Feb,52
PUNTZI MOUNTAIN,1C22,940,2017-02-28,21,46,,84,22,01-Mar,55
PUNTZI MOUNTAIN,1C22,940,2017-03-29,0,0,,0,,01-Apr,19
PENFOLD CREEK,1C23,1685,2017-03-01,,,N,,,01-Mar,807
PENFOLD CREEK,1C23,1685,2017-03-22,251,888,,91,35,01-Apr,979
LAC LE JEUNE (UPPER),1C25,1509,2017-01-04,44,80,,116,18,01-Jan,69
LAC LE JEUNE (UPPER),1C25,1509,2017-01-31,52,117,,119,22,01-Feb,98
LAC LE JEUNE (UPPER),1C25,1509,2017-03-01,70,132,,110,19,01-Mar,120
LAC LE JEUNE (UPPER),1C25,1509,2017-03-30,76,211,,166,28,01-Apr,127
DUFFEY LAKE,1C28,1200,2017-03-01,129,366,,86,28,01-Mar,428
DUFFEY LAKE,1C28,1200,2017-03-31,142,491,,102,35,01-Apr,480
SHOVELNOSE MOUNTAIN,1C29,1450,2017-01-31,53,130,,77,25,01-Feb,169
SHOVELNOSE MOUNTAIN,1C29,1450,2017-02-28,82,221,,102,27,01-Mar,216
SHOVELNOSE MOUNTAIN,1C29,1450,2017-03-31,85,275,,124,32,01-Apr,222
DEADMAN RIVER,1C32,1430,2017-03-02,53,114,,114,22,01-Mar,100
DEADMAN RIVER,1C32,1430,2017-04-05,27,140,A,135,52,01-Apr,104
DEADMAN RIVER,1C32,1430,2017-05-03,0,0,,0,,01-May,32
BUSH RIVER,2A23,1920,2017-01-03,142,399,,96,28,01-Jan,417
BUSH RIVER,2A23,1920,2017-01-31,163,525,,91,32,01-Feb,577
BUSH RIVER,2A23,1920,2017-02-27,203,676,,99,33,01-Mar,682
BUSH RIVER,2A23,1920,2017-03-30,257,875,,108,34,01-Apr,809
BUSH RIVER,2A23,1920,2017-04-29,256,993,,119,39,01-May,834
KIRBYVILLE LAKE,2A25,1750,2017-01-03,218,620,,101,28,01-Jan,613
KIRBYVILLE LAKE,2A25,1750,2017-01-31,215,739,,89,34,01-Feb,827
KIRBYVILLE LAKE,2A25,1750,2017-02-28,261,952,,96,36,01-Mar,990
KIRBYVILLE LAKE,2A25,1750,2017-03-30,383,1360,,117,36,01-Apr,1163
KIRBYVILLE LAKE,2A25,1750,2017-04-29,359,1540,,124,43,01-May,1243
DOWNIE SLIDE (LOWER),2A27,980,2017-01-03,110,230,,77,21,01-Jan,298
DOWNIE SLIDE (LOWER),2A27,980,2017-01-31,110,324,,65,29,01-Feb,501
DOWNIE SLIDE (LOWER),2A27,980,2017-02-28,128,422,,68,33,01-Mar,618
DOWNIE SLIDE (LOWER),2A27,980,2017-03-30,171,644,,97,38,01-Apr,664
DOWNIE SLIDE (LOWER),2A27,980,2017-04-29,129,584,,113,45,01-May,517
DOWNIE SLIDE (UPPER),2A29,1630,2017-01-03,236,664,,94,28,01-Jan,706
DOWNIE SLIDE (UPPER),2A29,1630,2017-01-31,225,804,,83,36,01-Feb,965
DOWNIE SLIDE (UPPER),2A29,1630,2017-02-28,262,990,,86,38,01-Mar,1146
DOWNIE SLIDE (UPPER),2A29,1630,2017-03-30,407,1474,,110,36,01-Apr,1334
DOWNIE SLIDE (UPPER),2A29,1630,2017-04-29,378,1640,,117,43,01-May,1402
FARRON,2B02A,1220,2017-01-03,58,110,,75,19,01-Jan,146
FARRON,2B02A,1220,2017-01-30,72,178,,81,25,01-Feb,219
FARRON,2B02A,1220,2017-02-27,105,276,,100,26,01-Mar,276
FARRON,2B02A,1220,2017-03-31,103,350,,117,34,01-Apr,300
FARRON,2B02A,1220,2017-04-25,80,309,,169,39,01-May,183
FARRON,2B02A,1220,2017-05-09,37,157,,249,42,15-May,63
WHATSHAN (UPPER),2B05,1525,2017-01-02,89,191,,59,21,01-Jan,323
WHATSHAN (UPPER),2B05,1525,2017-01-30,91,242,,51,27,01-Feb,475
WHATSHAN (UPPER),2B05,1525,2017-02-23,127,351,,62,28,01-Mar,570
WHATSHAN (UPPER),2B05,1525,2017-04-03,182,588,,92,32,01-Apr,638
WHATSHAN (UPPER),2B05,1525,2017-04-28,152,596,,107,39,01-May,557
KOCH CREEK,2B07,1860,2017-01-02,128,336,,97,26,01-Jan,346
KOCH CREEK,2B07,1860,2017-01-30,144,418,,84,29,01-Feb,497
KOCH CREEK,2B07,1860,2017-02-23,186,531,,88,29,01-Mar,601
KOCH CREEK,2B07,1860,2017-04-03,252,819,,113,32,01-Apr,722
KOCH CREEK,2B07,1860,2017-04-28,255,971,,125,38,01-May,778
RECORD MOUNTAIN,2B09,1890,2016-12-31,123,324,,102,26,01-Jan,319
RECORD MOUNTAIN,2B09,1890,2017-01-29,156,440,,91,28,01-Feb,481
RECORD MOUNTAIN,2B09,1890,2017-03-03,228,710,,118,31,01-Mar,601
RECORD MOUNTAIN,2B09,1890,2017-03-31,260,905,,128,35,01-Apr,708
RECORD MOUNTAIN,2B09,1890,2017-04-30,260,1080,,149,42,01-May,727
RECORD MOUNTAIN,2B09,1890,2017-05-13,209,935,,145,45,15-May,645
RECORD MOUNTAIN,2B09,1890,2017-05-31,106,525,,137,50,01-Jun,384
RECORD MOUNTAIN,2B09,1890,2017-06-15,32,170,,134,53,15-Jun,127
SINCLAIR PASS,2C01,1370,2017-02-27,45,96,,93,21,01-Mar,103
SINCLAIR PASS,2C01,1370,2017-03-29,37,96,,88,26,01-Apr,109
SINCLAIR PASS,2C01,1370,2017-04-27,8,30,,81,38,01-May,37
SULLIVAN MINE,2C04,1550,2016-12-30,56,84,,67,15,01-Jan,125
SULLIVAN MINE,2C04,1550,2017-01-26,60,128,,68,21,01-Feb,187
SULLIVAN MINE,2C04,1550,2017-02-28,102,230,,98,23,01-Mar,235
SULLIVAN MINE,2C04,1550,2017-03-30,102,326,,120,32,01-Apr,272
SULLIVAN MINE,2C04,1550,2017-04-29,82,288,,158,35,01-May,182
SULLIVAN MINE,2C04,1550,2017-05-14,39,154,A,192,39,15-May,80
SULLIVAN MINE,2C04,1550,2017-05-30,0,0,T,0,,01-Jun,6
FERNIE EAST,2C07,1250,2016-12-30,68,112,,85,16,01-Jan,132
FERNIE EAST,2C07,1250,2017-01-28,61,158,,75,26,01-Feb,212
FERNIE EAST,2C07,1250,2017-03-02,121,302,,112,25,01-Mar,270
FERNIE EAST,2C07,1250,2017-04-02,94,348,,122,37,01-Apr,286
FERNIE EAST,2C07,1250,2017-04-29,53,202,,149,38,01-May,136
FERNIE EAST,2C07,1250,2017-05-15,0,0,,0,,15-May,34
MOUNT ASSINIBOINE,2C15,2230,2017-01-04,108,286,,107,26,01-Jan,267
MOUNT ASSINIBOINE,2C15,2230,2017-02-01,117,336,,96,29,01-Feb,351
MOUNT ASSINIBOINE,2C15,2230,2017-02-27,157,437,,104,28,01-Mar,421
MOUNT ASSINIBOINE,2C15,2230,2017-03-31,227,673,,131,30,01-Apr,514
MOUNT JOFFRE,2C16,1750,2017-01-04,50,98,,59,20,01-Jan,166
MOUNT JOFFRE,2C16,1750,2017-02-01,60,146,A,61,24,01-Feb,240
MOUNT JOFFRE,2C16,1750,2017-02-27,96,243,,84,25,01-Mar,291
MOUNT JOFFRE,2C16,1750,2017-03-31,124,358,,103,29,01-Apr,349
MOUNT JOFFRE,2C16,1750,2017-05-02,107,362,,105,34,01-May,346
THUNDER CREEK,2C17,2010,2017-01-04,56,115,,91,21,01-Jan,126
THUNDER CREEK,2C17,2010,2017-02-02,58,134,A,77,23,01-Feb,175
THUNDER CREEK,2C17,2010,2017-02-27,96,226,,106,24,01-Mar,214
THUNDER CREEK,2C17,2010,2017-03-31,107,312,,120,29,01-Apr,259
THUNDER CREEK,2C17,2010,2017-05-02,116,360,,133,31,01-May,271
FERGUSON,2D02,880,2016-12-28,74,125,,49,17,01-Jan,256
FERGUSON,2D02,880,2017-02-01,101,280,,69,28,01-Feb,407
FERGUSON,2D02,880,2017-02-27,130,400,,80,31,01-Mar,502
FERGUSON,2D02,880,2017-04-03,134,574,,104,43,01-Apr,550
LIGHTNING LAKE,3D02,1220,2017-02-28,75,186,B,74,25,01-Mar,250
LIGHTNING LAKE,3D02,1220,2017-03-26,86,262,B,94,30,01-Apr,278
LIGHTNING LAKE,3D02,1220,2017-04-27,60,213,B,96,36,01-May,223
KLESILKWA,3D03A,1175,2017-01-04,69,135,,110,20,01-Jan,123
KLESILKWA,3D03A,1175,2017-02-01,44,153,,85,35,01-Feb,180
KLESILKWA,3D03A,1175,2017-02-24,63,236,,104,37,01-Mar,228
KLESILKWA,3D03A,1175,2017-03-30,76,293,,127,39,01-Apr,231
KLESILKWA,3D03A,1175,2017-04-28,26,105,,102,40,01-May,103
WARE (UPPER),4A03,1575,2017-01-03,50,92,,61,18,01-Jan,151
WARE (UPPER),4A03,1575,2017-01-29,59,130,,71,22,01-Feb,184
WARE (UPPER),4A03,1575,2017-03-01,66,136,,62,21,01-Mar,220
WARE (UPPER),4A03,1575,2017-03-29,90,198,,77,22,01-Apr,258
WARE (UPPER),4A03,1575,2017-04-28,80,213,,78,27,01-May,274
WARE (LOWER),4A04,970,2017-01-03,31,46,,42,15,01-Jan,110
WARE (LOWER),4A04,970,2017-01-29,,,N,,,01-Feb,143
WARE (LOWER),4A04,970,2017-03-01,48,66,,40,14,01-Mar,167
WARE (LOWER),4A04,970,2017-03-29,68,143,,74,21,01-Apr,194
WARE (LOWER),4A04,970,2017-04-28,22,71,,57,32,01-May,124
MCCULLOCH,2F03,1280,2017-01-30,46,91,,78,20,01-Feb,117
MCCULLOCH,2F03,1280,2017-02-27,60,117,,80,20,01-Mar,146
MCCULLOCH,2F03,1280,2017-03-29,38,144,,109,38,01-Apr,132
MCCULLOCH,2F03,1280,2017-04-28,9,42,,350,47,01-May,12
GRAYSTOKE LAKE,2F04,1840,2017-01-06,51,128,,87,25,01-Jan,147
GRAYSTOKE LAKE,2F04,1840,2017-02-08,77,164,,75,21,01-Feb,219
GRAYSTOKE LAKE,2F04,1840,2017-03-03,94,216,,76,23,01-Mar,285
GRAYSTOKE LAKE,2F04,1840,2017-05-02,137,450,,131,33,01-May,343
POSTILL LAKE,2F07,1370,2017-02-03,44,97,,70,22,01-Feb,138
POSTILL LAKE,2F07,1370,2017-03-07,63,133,,77,21,01-Mar,173
POSTILL LAKE,2F07,1370,2017-03-28,62,168,,83,27,01-Apr,202
POSTILL LAKE,2F07,1370,2017-04-28,56,191,,158,34,01-May,121
WHITEROCKS MOUNTAIN,2F09,1830,2017-01-28,98,274,,75,28,01-Feb,366
WHITEROCKS MOUNTAIN,2F09,1830,2017-02-25,118,362,,80,31,01-Mar,450
WHITEROCKS MOUNTAIN,2F09,1830,2017-04-01,180,555,,107,31,01-Apr,521
WHITEROCKS MOUNTAIN,2F09,1830,2017-04-30,182,708,,151,39,01-May,470
WHITEROCKS MOUNTAIN,2F09,1830,2017-05-14,123,502,,141,41,15-May,357
WHITEROCKS MOUNTAIN,2F09,1830,2017-05-29,69,294,,230,43,01-Jun,128
ISINTOK LAKE,2F11,1680,2017-01-06,42,77,,112,18,01-Jan,69
ISINTOK LAKE,2F11,1680,2017-02-01,41,83,,76,20,01-Feb,109
ISINTOK LAKE,2F11,1680,2017-02-28,57,117,,89,21,01-Mar,132
ISINTOK LAKE,2F11,1680,2017-03-30,60,141,,95,24,01-Apr,148
ISINTOK LAKE,2F11,1680,2017-05-03,59,174,,178,29,01-May,98
ISINTOK LAKE,2F11,1680,2017-05-19,16,47,,102,29,15-May,46
MOUNT KOBAU,2F12,1810,2016-12-29,46,70,,50,15,01-Jan,139
MOUNT KOBAU,2F12,1810,2017-01-29,89,204,,104,23,01-Feb,196
MOUNT KOBAU,2F12,1810,2017-02-28,98,270,,107,28,01-Mar,253
MOUNT KOBAU,2F12,1810,2017-03-31,121,375,,123,31,01-Apr,304
MOUNT KOBAU,2F12,1810,2017-04-29,133,468,,151,35,01-May,309
MOUNT KOBAU,2F12,1810,2017-05-13,112,393,,155,35,15-May,253
MOUNT KOBAU,2F12,1810,2017-05-28,71,316,,261,45,01-Jun,121
ESPERON CR (UPPER),2F13,1650,2017-02-26,96,270,,82,28,01-Mar,330
ESPERON CR (UPPER),2F13,1650,2017-04-01,127,386,,101,30,01-Apr,383
ESPERON CR (UPPER),2F13,1650,2017-04-30,132,456,,132,35,01-May,346
ESPERON CR (UPPER),2F13,1650,2017-05-27,52,234,,135,45,01-Jun,173
ESPERON CR (MIDDLE),2F14,1430,2017-02-26,86,206,,72,24,01-Mar,287
ESPERON CR (MIDDLE),2F14,1430,2017-04-01,107,318,,97,30,01-Apr,328
ESPERON CR (MIDDLE),2F14,1430,2017-04-30,101,372,,172,37,01-May,216
ESPERON CR (MIDDLE),2F14,1430,2017-05-27,27,122,,452,45,01-Jun,27
MOUNT ABBOT,2A14,2010,2016-12-27,160,522,,89,33,01-Jan,584
MOUNT ABBOT,2A14,2010,2017-01-30,199,692,,84,35,01-Feb,822
MOUNT ABBOT,2A14,2010,2017-02-25,271,892,,89,33,01-Mar,1000
MOUNT ABBOT,2A14,2010,2017-03-27,365,1300,,108,36,01-Apr,1199
MOUNT ABBOT,2A14,2010,2017-04-25,355,1495,,111,42,01-May,1345
GOLDSTREAM,2A16,1920,2017-01-03,227,626,,106,28,01-Jan,588
GOLDSTREAM,2A16,1920,2017-01-31,208,708,,87,34,01-Feb,816
GOLDSTREAM,2A16,1920,2017-02-28,246,895,,94,36,01-Mar,954
GOLDSTREAM,2A16,1920,2017-03-30,336,1221,,108,36,01-Apr,1133
GOLDSTREAM,2A16,1920,2017-04-29,332,1339,,112,40,01-May,1200
FIDELITY MOUNTAIN,2A17,1870,2016-12-26,154,490,,82,32,01-Jan,596
FIDELITY MOUNTAIN,2A17,1870,2017-01-30,189,638,,75,34,01-Feb,854
FIDELITY MOUNTAIN,2A17,1870,2017-02-26,249,824,,79,33,01-Mar,1043
FIDELITY MOUNTAIN,2A17,1870,2017-03-26,317,1128,,93,36,01-Apr,1210
FIDELITY MOUNTAIN,2A17,1870,2017-04-27,315,1395,,107,44,01-May,1306
KEYSTONE CREEK,2A18,1890,2017-01-03,146,385,,95,26,01-Jan,405
KEYSTONE CREEK,2A18,1890,2017-01-30,149,485,,89,33,01-Feb,548
KEYSTONE CREEK,2A18,1890,2017-02-28,189,649,,97,34,01-Mar,671
KEYSTONE CREEK,2A18,1890,2017-04-29,264,1004,,122,38,01-May,823
VERMONT CREEK,2A19,1520,2017-01-04,73,185,,89,25,01-Jan,207
VERMONT CREEK,2A19,1520,2017-02-01,88,252,A,88,29,01-Feb,287
VERMONT CREEK,2A19,1520,2017-02-27,128,355,,100,28,01-Mar,356
VERMONT CREEK,2A19,1520,2017-03-31,144,490,,123,34,01-Apr,397
VERMONT CREEK,2A19,1520,2017-05-02,108,424,,130,39,01-May,327
SUNBEAM LAKE,2A22,2010,2017-01-03,166,466,,99,28,01-Jan,471
SUNBEAM LAKE,2A22,2010,2017-01-31,168,559,,89,33,01-Feb,629
SUNBEAM LAKE,2A22,2010,2017-02-27,209,713,,95,34,01-Mar,751
SUNBEAM LAKE,2A22,2010,2017-03-30,279,955,,108,34,01-Apr,885
SUNBEAM LAKE,2A22,2010,2017-04-29,268,1045,,111,39,01-May,939
NINGUNSAW PASS,4B10,690,2017-01-31,53,178,,57,34,01-Feb,312
BEAR PASS,4B11A,460,2017-01-31,89,270,,59,30,01-Feb,455
BEAR PASS,4B11A,460,2017-02-28,95,350,,61,37,01-Mar,574
BEAR PASS,4B11A,460,2017-03-27,115,430,,67,37,01-Apr,642
TERRACE AIRPORT,4B13A,1805,2017-01-05,28,46,,63,16,01-Jan,73
TERRACE AIRPORT,4B13A,1805,2017-01-31,8,22,,17,28,01-Feb,128
TERRACE AIRPORT,4B13A,1805,2017-03-29,17,60,,71,35,01-Apr,84
TERRACE AIRPORT,4B13A,1805,2017-04-28,0,0,,0,,01-May,14
EQUITY MINE,4B14,1420,2017-02-28,119,346,,104,29,01-Mar,333
EQUITY MINE,4B14,1420,2017-03-29,136,406,,105,30,01-Apr,385
EQUITY MINE,4B14,1420,2017-04-28,130,434,,116,33,01-May,373
LU LAKE,4B15,1300,2017-02-28,86,214,,84,25,01-Mar,254
LU LAKE,4B15,1300,2017-03-29,95,252,,87,27,01-Apr,291
LU LAKE,4B15,1300,2017-04-28,91,276,,103,30,01-May,267
OYAMA LAKE,2F19,1340,2017-02-01,45,80,,67,18,01-Feb,119
OYAMA LAKE,2F19,1340,2017-02-28,65,124,,86,19,01-Mar,144
OYAMA LAKE,2F19,1340,2017-03-31,69,182,,118,26,01-Apr,154
OYAMA LAKE,2F19,1340,2017-04-30,28,84,,153,30,01-May,55
VASEUX CREEK,2F20,1400,2017-01-29,32,54,,62,17,01-Feb,87
VASEUX CREEK,2F20,1400,2017-02-28,40,60,,53,15,01-Mar,113
VASEUX CREEK,2F20,1400,2017-03-31,41,100,,76,25,01-Apr,132
VASEUX CREEK,2F20,1400,2017-04-29,22,96,,234,44,01-May,41
VASEUX CREEK,2F20,1400,2017-05-14,0,0,,0,,15-May,7
BOULEAU LAKE,2F21,1400,2017-02-26,86,212,,79,25,01-Mar,267
BOULEAU LAKE,2F21,1400,2017-03-26,101,252,,82,25,01-Apr,306
BOULEAU LAKE,2F21,1400,2017-04-29,102,344,,137,34,01-May,251
MACDONALD LAKE,2F23,1740,2017-01-31,92,250,,92,27,01-Feb,273
MACDONALD LAKE,2F23,1740,2017-03-01,118,314,,85,27,01-Mar,368
MACDONALD LAKE,2F23,1740,2017-04-04,157,45,,10,3,01-Apr,428
MACDONALD LAKE,2F23,1740,2017-04-28,163,59,,14,4,01-May,421
ISLAHT LAKE,2F24,1480,2017-02-02,70,119,,53,17,01-Feb,225
ISLAHT LAKE,2F24,1480,2017-02-28,95,183,,64,19,01-Mar,285
ISLAHT LAKE,2F24,1480,2017-04-03,113,27,,9,2,01-Apr,309
ISLAHT LAKE,2F24,1480,2017-05-01,102,32,,14,3,01-May,234
POSTILL LAKE (UPPER),2F25,1540,2017-01-31,,,N,,,01-Feb,
POSTILL LAKE (UPPER),2F25,1540,2017-03-01,,,N,,,01-Mar,
LOST HORSE MOUNTAIN,2G04,1920,2017-01-26,52,108,B,78,21,01-Feb,139
LOST HORSE MOUNTAIN,2G04,1920,2017-02-27,68,139,B,78,20,01-Mar,178
LOST HORSE MOUNTAIN,2G04,1920,2017-03-31,73,181,B,84,25,01-Apr,216
LOST HORSE MOUNTAIN,2G04,1920,2017-04-26,88,236,B,110,27,01-May,215
LOST HORSE MOUNTAIN,2G04,1920,2017-05-13,64,193,B,114,30,15-May,169
MISSEZULA MOUNTAIN,2G05,1550,2017-01-26,52,106,B,74,20,01-Feb,144
MISSEZULA MOUNTAIN,2G05,1550,2017-02-27,68,158,B,87,23,01-Mar,182
MISSEZULA MOUNTAIN,2G05,1550,2017-03-31,74,208,B,106,28,01-Apr,197
MISSEZULA MOUNTAIN,2G05,1550,2017-04-27,71,206,B,202,29,01-May,102
MISSEZULA MOUNTAIN,2G05,1550,2017-05-10,31,100,B,312,32,15-May,32
HAMILTON HILL,2G06,1490,2017-01-27,61,150,B,70,25,01-Feb,213
HAMILTON HILL,2G06,1490,2017-02-28,86,219,B,82,25,01-Mar,267
HAMILTON HILL,2G06,1490,2017-03-26,89,265,B,91,30,01-Apr,291
HAMILTON HILL,2G06,1490,2017-04-26,69,254,B,134,37,01-May,190
HAMILTON HILL,2G06,1490,2017-05-09,35,125,B,114,36,15-May,110
GROUSE MOUNTAIN,3A01,1100,2017-01-03,224,732,,151,33,01-Jan,485
GROUSE MOUNTAIN,3A01,1100,2017-01-30,229,988,,130,43,01-Feb,761
GROUSE MOUNTAIN,3A01,1100,2017-02-27,252,1036,,107,41,01-Mar,966
GROUSE MOUNTAIN,3A01,1100,2017-03-29,401,1694,,146,42,01-Apr,1160
GROUSE MOUNTAIN,3A01,1100,2017-04-26,379,1730,,148,46,01-May,1170
PALISADE LAKE,3A09,880,2017-02-28,221,952,P,86,43,01-Mar,1106
PALISADE LAKE,3A09,880,2017-03-30,371,1620,,123,44,01-Apr,1322
PALISADE LAKE,3A09,880,2017-04-28,321,1648,,128,51,01-May,1291
DOG MOUNTAIN,3A10,1080,2017-01-03,239,754,,155,32,01-Jan,488
DOG MOUNTAIN,3A10,1080,2017-01-31,195,842,,118,43,01-Feb,715
DOG MOUNTAIN,3A10,1080,2017-02-28,239,1029,,108,43,01-Mar,952
DOG MOUNTAIN,3A10,1080,2017-03-31,347,1496,,132,43,01-Apr,1137
DOG MOUNTAIN,3A10,1080,2017-04-27,346,1762,,155,51,01-May,1137
DOG MOUNTAIN,3A10,1080,2017-05-15,304,1700,,163,56,15-May,1041
DOG MOUNTAIN,3A10,1080,2017-05-31,239,1331,,186,56,01-Jun,714
DOG MOUNTAIN,3A10,1080,2017-06-14,178,1032,,259,58,15-Jun,399
ORCHID LAKE,3A19,1190,2017-01-03,251,808,,109,32,01-Jan,739
ORCHID LAKE,3A19,1190,2017-02-01,249,998,,90,40,01-Feb,1114
ORCHID LAKE,3A19,1190,2017-02-28,289,1142,P,78,40,01-Mar,1467
ORCHID LAKE,3A19,1190,2017-03-30,512,1970,,111,38,01-Apr,1769
ORCHID LAKE,3A19,1190,2017-04-28,474,2423,,130,51,01-May,1866
ORCHID LAKE,3A19,1190,2017-05-19,430,2330,,135,54,15-May,1729
ORCHID LAKE,3A19,1190,2017-05-31,350,2010,,143,57,01-Jun,1409
ORCHID LAKE,3A19,1190,2017-06-14,271,1572,P,157,58,15-Jun,1002
CALLAGHAN CREEK,3A20,1040,2017-01-29,154,520,,96,34,01-Feb,542
CALLAGHAN CREEK,3A20,1040,2017-03-01,167,632,,90,38,01-Mar,702
CALLAGHAN CREEK,3A20,1040,2017-03-29,228,940,,115,41,01-Apr,820
CALLAGHAN CREEK,3A20,1040,2017-05-01,195,952,,134,49,01-May,711
CALLAGHAN CREEK,3A20,1040,2017-05-30,45,240,,103,53,01-Jun,233
NOSTETUKO RIVER,3A22P,1500,2017-02-21,212,350,,,17,01-Mar,
SQUAMISH RIVER UPPER,3A25P,1340,2017-02-21,305,1550,A,,51,01-Mar,
FORBIDDEN PLATEAU,3B01,1100,2016-12-30,219,619,,100,28,01-Jan,621
FORBIDDEN PLATEAU,3B01,1100,2017-01-30,196,791,,86,40,01-Feb,922
FORBIDDEN PLATEAU,3B01,1100,2017-02-25,230,927,,77,40,01-Mar,1203
FORBIDDEN PLATEAU,3B01,1100,2017-03-30,338,1432,,96,42,01-Apr,1485
FORBIDDEN PLATEAU,3B01,1100,2017-04-28,321,1507,,100,47,01-May,1507
MOUNT COKELY,3B02A,1190,2017-03-06,,,N,,,01-Mar,662
MOUNT COKELY,3B02A,1190,2017-05-03,,,N,,,01-May,813
ELK RIVER,3B04,270,2016-12-30,40,123,,251,31,01-Jan,49
ELK RIVER,3B04,270,2017-01-30,33,102,,167,31,01-Feb,61
ELK RIVER,3B04,270,2017-02-25,39,136,,234,35,01-Mar,58
ELK RIVER,3B04,270,2017-03-30,15,55,T,162,37,01-Apr,34
ELK RIVER,3B04,270,2017-04-28,0,0,,,,01-May,0
UPPER THELWOOD LAKE,3B10,990,2017-02-25,213,868,,77,41,01-Mar,1128
UPPER THELWOOD LAKE,3B10,990,2017-03-30,345,1436,,99,42,01-Apr,1455
UPPER THELWOOD LAKE,3B10,990,2017-04-28,304,1460,A,98,48,01-May,1484
WOLF RIVER (MIDDLE),3B18,990,2016-12-30,149,310,,118,21,01-Jan,262
WOLF RIVER (MIDDLE),3B18,990,2017-01-30,104,336,,84,32,01-Feb,400
WOLF RIVER (MIDDLE),3B18,990,2017-02-25,112,438,,86,39,01-Mar,509
WOLF RIVER (MIDDLE),3B18,990,2017-03-30,155,560,A,91,36,01-Apr,618
WOLF RIVER (MIDDLE),3B18,990,2017-04-28,144,586,,107,41,01-May,546
WOLF RIVER (LOWER),3B19,640,2016-12-30,95,204,,127,21,01-Jan,161
WOLF RIVER (LOWER),3B19,640,2017-01-30,50,178,,73,36,01-Feb,244
WOLF RIVER (LOWER),3B19,640,2017-02-25,,,N,,,01-Mar,301
WOLF RIVER (LOWER),3B19,640,2017-03-30,80,312,,99,39,01-Apr,315
WOLF RIVER (LOWER),3B19,640,2017-04-28,15,62,,46,41,01-May,134
WEDEENE RIVER SOUTH,3C07,300,2017-03-29,99,380,,99,38,01-Apr,383
WEDEENE RIVER SOUTH,3C07,300,2017-04-28,6,36,,26,60,01-May,136
SUMALLO RIVER WEST,3D01C,790,2017-02-01,50,182,,113,36,01-Feb,161
SUMALLO RIVER WEST,3D01C,790,2017-02-24,71,251,,115,35,01-Mar,218
SUMALLO RIVER WEST,3D01C,790,2017-04-05,68,266,,139,39,01-Apr,191
SUMALLO RIVER WEST,3D01C,790,2017-04-28,24,96,,145,40,01-May,66
LONGWORTH UPPER,1A05P,1740,2017-03-21,176,628,,,36,01-Apr,
KNUDSEN LAKE,1A15P,1601,2017-03-21,164,483,,,29,01-Apr,
GERMANSEN (UPPER),4A05,1480,2017-01-04,52,115,,62,22,01-Jan,186
GERMANSEN (UPPER),4A05,1480,2017-01-30,66,144,,61,22,01-Feb,237
GERMANSEN (UPPER),4A05,1480,2017-02-28,77,184,,63,24,01-Mar,293
GERMANSEN (UPPER),4A05,1480,2017-03-30,100,253,,73,25,01-Apr,348
GERMANSEN (UPPER),4A05,1480,2017-04-27,90,238,,67,26,01-May,355
TUTIZZI LAKE,4A06,1045,2017-01-04,38,69,,49,18,01-Jan,142
TUTIZZI LAKE,4A06,1045,2017-01-30,54,95,,51,18,01-Feb,186
TUTIZZI LAKE,4A06,1045,2017-02-28,51,102,,44,20,01-Mar,230
TUTIZZI LAKE,4A06,1045,2017-03-30,72,188,,73,26,01-Apr,259
TUTIZZI LAKE,4A06,1045,2017-04-27,22,83,,54,38,01-May,155
LADY LAURIER LAKE,4A07,1440,2017-01-02,82,178,,60,22,01-Jan,295
LADY LAURIER LAKE,4A07,1440,2017-01-28,110,275,,75,25,01-Feb,369
LADY LAURIER LAKE,4A07,1440,2017-03-02,,,N,,,01-Mar,452
LADY LAURIER LAKE,4A07,1440,2017-03-28,154,436,,82,28,01-Apr,529
LADY LAURIER LAKE,4A07,1440,2017-04-29,132,439,,79,33,01-May,555
PULPIT LAKE,4A09,1335,2017-01-03,70,136,,58,19,01-Jan,235
PULPIT LAKE,4A09,1335,2017-01-29,91,208,,67,23,01-Feb,312
PULPIT LAKE,4A09,1335,2017-03-01,98,239,,64,24,01-Mar,372
PULPIT LAKE,4A09,1335,2017-03-29,127,329,,77,26,01-Apr,425
PULPIT LAKE,4A09,1335,2017-04-28,99,325,,78,33,01-May,418
FREDRICKSON LAKE,4A10,1325,2017-01-03,38,70,,55,18,01-Jan,128
FREDRICKSON LAKE,4A10,1325,2017-01-29,57,105,,59,18,01-Feb,179
FREDRICKSON LAKE,4A10,1325,2017-02-28,52,86,,40,17,01-Mar,213
FREDRICKSON LAKE,4A10,1325,2017-03-30,75,149,,60,20,01-Apr,247
FREDRICKSON LAKE,4A10,1325,2017-04-27,47,131,,57,28,01-May,231
TRYGVE LAKE,4A11,1410,2017-01-04,62,121,,58,20,01-Jan,207
TRYGVE LAKE,4A11,1410,2017-01-29,87,175,,66,20,01-Feb,264
TRYGVE LAKE,4A11,1410,2017-03-01,85,186,,58,22,01-Mar,319
TRYGVE LAKE,4A11,1410,2017-03-29,114,285,,77,25,01-Apr,370
TRYGVE LAKE,4A11,1410,2017-04-27,90,267,,70,30,01-May,381
TSAYDAYCHI LAKE,4A12,1190,2017-01-04,65,148,,68,23,01-Jan,217
TSAYDAYCHI LAKE,4A12,1190,2017-01-30,,,N,,,01-Feb,277
TSAYDAYCHI LAKE,4A12,1190,2017-02-28,96,267,,79,28,01-Mar,340
TSAYDAYCHI LAKE,4A12,1190,2017-03-30,121,346,,87,29,01-Apr,398
TSAYDAYCHI LAKE,4A12,1190,2017-04-27,99,328,,85,33,01-May,386
PHILIP LAKE,4A13,1035,2017-01-30,,,N,,,01-Feb,199
PHILIP LAKE,4A13,1035,2017-02-28,52,118,,49,23,01-Mar,242
PHILIP LAKE,4A13,1035,2017-03-30,59,133,,48,23,01-Apr,279
PHILIP LAKE,4A13,1035,2017-04-27,30,89,,45,30,01-May,196
MORFEE MOUNTAIN,4A16,1430,2017-01-05,90,239,,56,27,01-Jan,425
MORFEE MOUNTAIN,4A16,1430,2017-01-30,134,373,,62,28,01-Feb,597
MORFEE MOUNTAIN,4A16,1430,2017-02-27,143,460,,63,32,01-Mar,725
MORFEE MOUNTAIN,4A16,1430,2017-04-01,,,N,,,01-Apr,833
MORFEE MOUNTAIN,4A16,1430,2017-04-26,150,606,,75,40,01-May,812
MOUNT SHEBA,4A18,1490,2017-01-05,112,279,,64,25,01-Jan,438
MOUNT SHEBA,4A18,1490,2017-01-31,164,447,,79,27,01-Feb,566
MOUNT SHEBA,4A18,1490,2017-02-27,165,536,,75,32,01-Mar,712
MOUNT SHEBA,4A18,1490,2017-04-01,,,N,,,01-Apr,823
MOUNT SHEBA,4A18,1490,2017-04-26,202,805,,90,40,01-May,891
MONKMAN CREEK,4A20,1570,2017-01-31,119,344,,91,29,01-Feb,376
MONKMAN CREEK,4A20,1570,2017-02-27,128,396,,84,31,01-Mar,472
MONKMAN CREEK,4A20,1570,2017-04-01,169,535,,99,32,01-Apr,540
MONKMAN CREEK,4A20,1570,2017-04-26,180,603,,104,34,01-May,580
MOUNT STEARNS,4A21,1505,2017-01-03,61,92,,112,15,01-Jan,82
MOUNT STEARNS,4A21,1505,2017-01-28,52,117,,114,22,01-Feb,103
MOUNT STEARNS,4A21,1505,2017-03-01,65,137,,110,21,01-Mar,124
MOUNT STEARNS,4A21,1505,2017-03-28,80,180,,122,22,01-Apr,147
MOUNT STEARNS,4A21,1505,2017-04-28,78,206,,141,26,01-May,146
FORT ST. JOHN AIRPORT,4A25,690,2017-01-05,34,50,,96,15,01-Jan,52
FORT ST. JOHN AIRPORT,4A25,690,2017-01-31,33,72,,90,22,01-Feb,80
FORT ST. JOHN AIRPORT,4A25,690,2017-03-01,35,81,,82,23,01-Mar,99
FORT ST. JOHN AIRPORT,4A25,690,2017-03-29,35,105,,108,30,01-Apr,97
FORT ST. JOHN AIRPORT,4A25,690,2017-04-27,0,0,T,,,01-May,0
KIDPRICE LAKE,4B01,1370,2017-01-30,240,725,,109,30,01-Feb,664
KIDPRICE LAKE,4B01,1370,2017-02-27,224,807,,99,36,01-Mar,817
KIDPRICE LAKE,4B01,1370,2017-03-30,269,999,,107,37,01-Apr,931
KIDPRICE LAKE,4B01,1370,2017-05-01,241,997,,105,41,01-May,951
KIDPRICE LAKE,4B01,1370,2017-05-31,125,672,,107,54,01-Jun,630
JOHANSON LAKE,4B02,1420,2017-01-04,51,103,,62,20,01-Jan,167
JOHANSON LAKE,4B02,1420,2017-01-30,71,133,,63,19,01-Feb,211
JOHANSON LAKE,4B02,1420,2017-02-28,71,160,,63,23,01-Mar,253
JOHANSON LAKE,4B02,1420,2017-03-30,96,226,,75,24,01-Apr,301
JOHANSON LAKE,4B02,1420,2017-04-27,81,226,,75,28,01-May,301
HUDSON BAY MTN.,4B03A,1480,2017-01-04,82,218,,83,27,01-Jan,264
HUDSON BAY MTN.,4B03A,1480,2017-01-30,128,326,,90,25,01-Feb,361
HUDSON BAY MTN.,4B03A,1480,2017-03-01,120,369,,83,31,01-Mar,443
HUDSON BAY MTN.,4B03A,1480,2017-03-30,134,408,,82,30,01-Apr,499
HUDSON BAY MTN.,4B03A,1480,2017-05-02,126,443,,87,35,01-May,509
HUDSON BAY MTN.,4B03A,1480,2017-06-01,25,76,,29,30,01-Jun,259
CHAPMAN LAKE,4B04,1460,2017-03-01,106,339,,83,32,01-Mar,407
CHAPMAN LAKE,4B04,1460,2017-03-31,136,422,,92,31,01-Apr,457
CHAPMAN LAKE,4B04,1460,2017-05-01,127,463,,98,36,01-May,473
TACHEK CREEK,4B06,1140,2017-01-31,48,120,,77,25,01-Feb,156
TACHEK CREEK,4B06,1140,2017-03-01,58,140,,72,24,01-Mar,195
TACHEK CREEK,4B06,1140,2017-03-29,68,178,,80,26,01-Apr,223
TACHEK CREEK,4B06,1140,2017-05-03,45,130,,74,29,01-May,175
MCKENDRICK CREEK,4B07,1050,2017-03-01,56,158,,64,28,01-Mar,246
MCKENDRICK CREEK,4B07,1050,2017-03-31,70,199,,73,28,01-Apr,271
MCKENDRICK CREEK,4B07,1050,2017-05-01,45,158,,71,35,01-May,223
MOUNT CRONIN,4B08,1480,2017-03-01,132,420,,84,32,01-Mar,498
MOUNT CRONIN,4B08,1480,2017-03-31,170,549,,96,32,01-Apr,570
MOUNT CRONIN,4B08,1480,2017-05-01,174,595,,97,34,01-May,616
EDWARDS LAKE,3A27,1070,2017-02-01,158,544,,80,34,01-Feb,682
EDWARDS LAKE,3A27,1070,2017-02-28,171,542,,76,32,01-Mar,713
EDWARDS LAKE,3A27,1070,2017-03-31,,,N,,,01-Apr,920
DISAPPOINTMENT LAKE,1D18,1050,2017-03-30,436,1788,,,41,01-Apr,
DISAPPOINTMENT LAKE,1D18,1050,2017-04-28,392,1925,,192,49,01-May,1000
DISAPPOINTMENT LAKE,1D18,1050,2017-05-19,343,1870,,,55,15-May,
DISAPPOINTMENT LAKE,1D18,1050,2017-05-31,280,1610,,,58,01-Jun,
DISAPPOINTMENT LAKE,1D18,1050,2017-06-14,205,1197,P,,58,15-Jun,
HEATHER MOUNTAIN UPPER,3B24P,1190,2017-03-01,252,1000,,,40,01-Mar,
SIKANNI LAKE,4C01,1385,2017-01-03,48,71,,49,15,01-Jan,145
SIKANNI LAKE,4C01,1385,2017-01-29,50,95,,49,19,01-Feb,193
SIKANNI LAKE,4C01,1385,2017-03-01,57,106,,45,19,01-Mar,238
SIKANNI LAKE,4C01,1385,2017-03-29,78,171,,62,22,01-Apr,276
SIKANNI LAKE,4C01,1385,2017-04-28,64,171,,64,27,01-May,266
SUMMIT LAKE,4C02,1280,2017-01-12,25,6,,,2,01-Jan,
SUMMIT LAKE,4C02,1280,2017-02-03,27,56,,62,21,01-Feb,91
SUMMIT LAKE,4C02,1280,2017-03-03,34,79,,71,23,01-Mar,111
SUMMIT LAKE,4C02,1280,2017-03-29,52,95,,84,18,01-Apr,113
SUMMIT LAKE,4C02,1280,2017-05-02,47,120,,273,26,01-May,44
FORT NELSON AIRPORT,4C05,380,2017-01-12,19,4,,7,2,01-Jan,57
FORT NELSON AIRPORT,4C05,380,2017-02-03,23,58,,76,25,01-Feb,76
FORT NELSON AIRPORT,4C05,380,2017-03-03,24,57,,62,24,01-Mar,92
FORT NELSON AIRPORT,4C05,380,2017-03-29,45,96,,102,21,01-Apr,94
ATLIN LAKE,4E02B,730,2017-03-01,40,85,,,21,01-Mar,
ATLIN LAKE,4E02B,730,2017-04-01,42,92,,,22,01-Apr,
CHAPMAN CREEK,3A26,1022,2017-02-01,229,830,,98,36,01-Feb,844
CHAPMAN CREEK,3A26,1022,2017-02-28,258,956,,92,37,01-Mar,1038
CHAPMAN CREEK,3A26,1022,2017-03-31,358,318,,24,9,01-Apr,1344
CHAPMAN CREEK,3A26,1022,2017-05-10,315,1450,,,46,15-May,
